대분류,중분류,소분류,25년1월,25년2월,25년3월,25년4월,25년5월,25년6월,25년7월,25년8월,25년9월,25년10월,25년11월,25년12월
TAG매출,홍콩,리테일,0,0,0,0,0,0,0,0,0,0,0,0
TAG매출,홍콩,아울렛,0,0,0,0,0,0,0,0,0,0,0,0
TAG매출,홍콩,온라인,0,0,0,0,0,0,0,0,0,0,0,0
TAG매출,마카오,리테일,0,0,0,0,0,0,0,0,0,0,0,0
TAG매출,마카오,아울렛,0,0,0,0,0,0,0,0,0,0,0,0
TAG매출,대만,리테일,11705.080959,6301.77847,6087.175636,6675.270024,10455.027756,8163.430069,7796.364381,8223.173913,6208.086735,9409.735774,11812.394541,12157.131841
TAG매출,대만,아울렛,7605.247541,3257.906908,2618.611175,3193.99748,3335.846935,3436.674491,3302.589042,3419.015345,3053.283163,3667.059077,4301.913151,4426.348259
TAG매출,대만,온라인,4583.163099,4192.109183,3996.287369,3476.850934,4457.984646,4732.909583,4112.079508,3348.559335,3895.867347,4914.867348,7729.873449,6894.450249
실판매출,홍콩,리테일,0,0,0,0,0,0,0,0,0,0,0,0
실판매출,홍콩,아울렛,0,0,0,0,0,0,0,0,0,0,0,0
실판매출,홍콩,온라인,0,0,0,0,0,0,0,0,0,0,0,0
실판매출,마카오,리테일,0,0,0,0,0,0,0,0,0,0,0,0
실판매출,마카오,아울렛,0,0,0,0,0,0,0,0,0,0,0,0
실판매출,대만,리테일,9960.849776,5433.566279,4875.865826,5678.925299,8704.11575,7064.632678,6784.456034,7165.076711,5332.64744,7890.140099,9730.588668,9906.930716
실판매출,대만,아울렛,3905.893023,1729.166224,1381.356993,1743.889403,1847.918703,1804.111825,1739.555233,1855.14932,1536.835502,1844.759311,2277.347535,2294.020514
실판매출,대만,온라인,2991.355143,3097.622892,2949.504344,2556.785207,3374.146195,3456.195175,3036.434456,2531.908172,2882.063411,3569.144482,5674.738981,5035.710732
매출원가,매출원가합계,,8243.254602,4744.369123,4382.215592,4604.410861,6295.856471,5634.88988,5247.806361,5171.808265,4539.246849,6207.123459,8226.242494,8099.88597
Tag대비 원가율,Tag대비 원가율합계,,0%,0%,0%,0%,0%,0%,0%,0%,0%,0%,0%,0%
매출총이익,매출총이익합계,,8614.84334,5515.986272,4824.511572,5375.189048,7630.324176,6690.049799,6312.639362,6380.325939,5212.299503,7096.920433,9456.43269,9136.775992
오프라인 직접비,매장급여,,889.783362,642.575809,612.13791,701.22648,900.754438,782.499757,825.367532,820.353197,654.824745,777.04956,804.885856,779.878607
오프라인 직접비,매장관리비,,263.714639,210.420356,309.699807,232.803858,400.592499,289.642192,402.095899,495.739898,332.157908,318.414649,271.013896,322.901741
오프라인 직접비,매장광고비,,162.58431,50.748561,45.400003,145.05998,157.313303,115.696096,104.206871,98.969821,65.089796,143.284444,138.020099,192.521891
오프라인 직접비,물류비(Tag대비),,318.194661,382.544463,373.925653,396.990478,313.119978,268.227766,314.938666,378.53555,446.772449,397.941107,406.395037,284.605721
오프라인 직접비,지급수수료,,223.401611,118.34801,96.584383,122.18085,171.169111,147.391952,139.1573,151.23376,113.768622,158.471415,182.247129,208.395522
오프라인 직접비,매장임차료,,2529.509589,1429.695187,1151.25791,1455.043483,2009.75139,1735.291501,1664.121795,1752.743223,1321.983418,1830.108268,2215.416873,2201.382338
오프라인 직접비,매장감가상각비,,180.416818,180.297178,178.757183,222.558103,269.999851,295.650572,301.899129,310.177238,199.478061,197.612331,194.033251,227.837065
오프라인 직접비,매장기타,,132.558664,126.396312,129.739096,182.927719,146.186114,142.576314,156.106198,144.189514,126.759184,173.549719,135.129777,135.145025
온라인 직접비,지급수수료,,276.497512,236.209706,233.021877,202.639748,259.476311,277.279708,220.305168,178.304604,213.02551,269.446364,25.503226,20.275622
온라인 직접비,매장광고비,,197.129431,286.813963,102.792586,199.840128,149.526843,234.263511,291.199659,175.183652,161.877085,226.448018,386.552357,452.36393
온라인 직접비,매장관리비,,111.357339,107.132663,100.77833,96.049731,129.212345,141.484047,115.154518,107.645809,130.011215,134.097821,630.900993,534.419652
온라인 직접비,물류비(Tag대비),,191.278441,203.188487,176.218222,203.756306,224.981523,258.649417,207.969491,194.203836,202.253571,219.984778,366.341191,251.004229
온라인 직접비,매장기타,,0,0,0,0,0,0,0,0,0,0,0,0
영업비,급여,,319.34079,285.189053,643.488465,319.776892,353.779514,364.009644,357.945857,362.028133,346.295663,342.114614,332.00794,330.754975
영업비,광고비,,149.398709,147.554763,181.688573,291.052745,382.228634,219.739203,300.026836,163.893453,263.172449,287.850512,404.403772,305.794776
영업비,여비교통비,,62.470275,35.293525,30.586782,34.212653,47.577731,84.328741,15.429753,38.231969,23.590255,8.574566,45.293548,56.127114
영업비,지급수수료 일반,,0.608557,0.804228,1.240546,1.809429,2.083474,1.866427,1.552119,1.465729,1.504061,1.788219,0.853846,-23.568905
영업비,임차료,,76.418447,78.037264,77.278406,78.702973,86.843297,89.04753,86.811884,84.338619,84.080357,83.255536,81.808189,80.743284
영업비,감가상각비,,0,0,0,0,0,0,0,0,0,0,0,0
영업비,보험료,,35.195167,31.066034,31.862237,33.288266,39.197846,40.041481,40.512649,60.639386,38.688265,37.834373,37.059553,37.667164
영업비,기타,,37.535477,152.995006,162.31778,99.816335,151.447429,93.660726,233.739619,239.684948,98.93021,144.325095,188.2745,277.573293
직접비+영업비,직접비+영업비 계,,6157.393799,4705.310568,4638.775748,5019.736157,6195.241629,5581.346583,5778.540943,5757.562337,4824.262826,5752.15139,6846.141034,6675.823044
영업이익,영업이익 계,,2457.449541,810.675704,185.735824,355.452892,1435.082547,1108.703216,534.098418,622.763602,388.036677,1344.769043,2610.291656,2460.952948
